country_,gdp_mean,gdp_sum,biofuel_cons_change_pct_mean,biofuel_cons_change_pct_sum,biofuel_share_elec_mean,biofuel_share_elec_sum,biofuel_share_energy_mean,biofuel_share_energy_sum,hydro_cons_change_pct_mean,hydro_cons_change_pct_sum,hydro_share_elec_mean,hydro_share_elec_sum,hydro_share_energy_mean,hydro_share_energy_sum,nuclear_cons_change_pct_mean,nuclear_cons_change_pct_sum,nuclear_share_elec_mean,nuclear_share_elec_sum,nuclear_share_energy_mean,nuclear_share_energy_sum,solar_cons_change_pct_mean,solar_cons_change_pct_sum,solar_share_elec_mean,solar_share_elec_sum,solar_share_energy_mean,solar_share_energy_sum,wind_cons_change_pct_mean,wind_cons_change_pct_sum,wind_share_elec_mean,wind_share_elec_sum,wind_share_energy_mean,wind_share_energy_sum,fossil_cons_change_pct_mean,fossil_cons_change_pct_sum,fossil_share_energy_mean,fossil_share_energy_sum,fossil_share_elec_mean,fossil_share_elec_sum,renewables_cons_change_pct_mean,renewables_cons_change_pct_sum,renewables_share_energy_mean,renewables_share_energy_sum,renewables_share_elec_mean,renewables_share_elec_sum
Afghanistan,67594969088.0,270379876352.0,,0.0,0.0,0.0,,0.0,,0.0,77.54775,310.191,,0.0,,0.0,0.0,0.0,,0.0,,0.0,6.30775,25.231,,0.0,,0.0,0.0,0.0,,0.0,,0.0,,0.0,16.144750000000002,64.57900000000001,,0.0,,0.0,83.85525,335.421
Albania,34009112576.0,136036450304.0,,0.0,0.0,0.0,,0.0,,0.0,99.56675,398.267,,0.0,,0.0,0.0,0.0,,0.0,,0.0,0.43325,1.733,,0.0,,0.0,0.0,0.0,,0.0,,0.0,,0.0,0.0,0.0,,0.0,,0.0,100.0,400.0
Algeria,590318000000.0,2951590000000.0,,0.0,0.0,0.0,,0.0,143.1634,715.817,0.1262,0.631,0.0312,0.156,,0.0,0.0,0.0,0.0,0.0,6.525,32.625,0.897,4.485,0.251,1.255,-6.800800000000001,-34.004000000000005,0.013000000000000001,0.065,0.0038,0.019,2.0418,10.209,99.7138,498.569,98.897,494.485,6.5274,32.637,0.286,1.43,1.036,5.18
American Samoa,,0.0,,0.0,0.0,0.0,,0.0,,0.0,0.0,0.0,,0.0,,0.0,0.0,0.0,,0.0,,0.0,0.0,0.0,,0.0,,0.0,0.0,0.0,,0.0,,0.0,,0.0,100.0,400.0,,0.0,,0.0,0.0,0.0
Angola,175930000000.0,879650000000.0,,0.0,0.8065999999999999,4.0329999999999995,,0.0,,0.0,71.7818,358.909,,0.0,,0.0,0.0,0.0,,0.0,,0.0,0.1302,0.651,,0.0,,0.0,0.0,0.0,,0.0,,0.0,,0.0,27.2814,136.407,,0.0,,0.0,72.71860000000001,363.593
Antigua and Barbuda,,0.0,,0.0,0.0,0.0,,0.0,,0.0,0.0,0.0,,0.0,,0.0,0.0,0.0,,0.0,,0.0,4.4365000000000006,17.746000000000002,,0.0,,0.0,0.0,0.0,,0.0,,0.0,,0.0,95.5635,382.254,,0.0,,0.0,4.4365000000000006,17.746000000000002
Argentina,829373000000.0,4146865000000.0,-1.3972000000000009,-6.986000000000004,1.3198,6.599,1.4609999999999999,7.305,-4.394,-21.97,18.569,92.845,7.0374,35.187,5.8682,29.340999999999998,6.005599999999999,30.028,2.2974,11.487,272.70799999999997,1363.54,1.027,5.135,0.4048,2.024,103.9932,519.966,5.986,29.93,2.3672,11.836,-0.035800000000000054,-0.17900000000000027,85.7788,428.894,67.092,335.46,2.4338,12.169,11.9238,59.619,26.901999999999997,134.51
Armenia,33296515072.0,133186060288.0,,0.0,0.0,0.0,,0.0,,0.0,29.2925,117.17,,0.0,,0.0,28.2635,113.054,,0.0,,0.0,1.0505,4.202,,0.0,,0.0,0.0,0.0,,0.0,,0.0,,0.0,41.39375,165.575,,0.0,,0.0,30.342750000000002,121.37100000000001
Aruba,,0.0,,0.0,0.0,0.0,,0.0,,0.0,0.0,0.0,,0.0,,0.0,0.0,0.0,,0.0,,0.0,1.09925,4.397,,0.0,,0.0,15.39125,61.565,,0.0,,0.0,,0.0,83.5095,334.038,,0.0,,0.0,16.4905,65.962
Australia,1238559621120.0,6192798105600.0,-5.674799999999999,-28.374,1.285,6.425,0.0852,0.426,6.0074,30.037,6.1208,30.604,2.5420000000000003,12.71,,0.0,0.0,0.0,0.0,0.0,34.4628,172.314,8.814,44.07,4.0085999999999995,20.043,19.1178,95.589,8.8724,44.362,3.7628,18.814,-0.9228,-4.614,88.93260000000001,444.663,74.9074,374.537,17.6682,88.341,11.067400000000001,55.337,25.092599999999997,125.463
Austria,382269000000.0,1911345000000.0,-2.787,-13.934999999999999,6.615600000000001,33.078,1.3038,6.519,-1.2802,-6.401,57.9664,289.832,25.2742,126.371,,0.0,0.0,0.0,0.0,0.0,20.707600000000003,103.53800000000001,3.1927999999999996,15.963999999999999,1.466,7.33,2.6412,13.206,10.0758,50.379,4.4502,22.250999999999998,-2.2394,-11.197,63.81,319.05,22.1494,110.747,-0.3136,-1.568,36.19,180.95,77.85060000000001,389.25300000000004
Azerbaijan,160426000000.0,802130000000.0,,0.0,0.0,0.0,,0.0,0.4756,2.378,5.6798,28.399,2.0814,10.407,,0.0,0.0,0.0,0.0,0.0,10.4458,52.229,0.18719999999999998,0.9359999999999999,0.0698,0.349,55.81600000000001,279.08000000000004,0.3564,1.782,0.131,0.655,3.1718,15.859,97.5528,487.764,93.8946,469.473,1.113,5.5649999999999995,2.4472,12.236,6.2938,31.469
Bahamas,,0.0,,0.0,0.0,0.0,,0.0,,0.0,0.0,0.0,,0.0,,0.0,0.0,0.0,,0.0,,0.0,0.0,0.0,,0.0,,0.0,0.0,0.0,,0.0,,0.0,,0.0,100.0,400.0,,0.0,,0.0,0.0,0.0
Bahrain,62559305728.0,312796528640.0,,0.0,0.0,0.0,,0.0,,0.0,0.0,0.0,,0.0,,0.0,0.0,0.0,,0.0,,0.0,0.032600000000000004,0.163,,0.0,,0.0,0.0,0.0,,0.0,,0.0,,0.0,99.9674,499.837,,0.0,,0.0,0.032600000000000004,0.163
Bangladesh,686522000000.0,3432610000000.0,,0.0,0.0382,0.191,,0.0,-4.9452,-24.726,1.1640000000000001,5.82,0.43220000000000003,2.161,,0.0,0.0,0.0,0.0,0.0,21.875999999999998,109.38,0.5309999999999999,2.655,0.2474,1.237,0.00020000000000000017,0.0010000000000000009,0.0128,0.064,0.003,0.015,4.4962,22.481,99.315,496.575,98.25399999999999,491.27,2.7481999999999998,13.740999999999998,0.6849999999999999,3.425,1.746,8.73
Barbados,3516161024.0,14064644096.0,,0.0,0.0,0.0,,0.0,,0.0,0.0,0.0,,0.0,,0.0,0.0,0.0,,0.0,,0.0,5.34975,21.399,,0.0,,0.0,0.0,0.0,,0.0,,0.0,,0.0,94.65025,378.601,,0.0,,0.0,5.34975,21.399
Belarus,178435000000.0,892175000000.0,-24.6862,-123.431,1.0162,5.081,0.041,0.20500000000000002,-2.4307999999999996,-12.153999999999998,0.9212,4.606,0.308,1.54,795.6564999999999,1591.3129999999999,5.1896,25.948,1.7997999999999998,8.998999999999999,29.4206,147.103,0.5189999999999999,2.5949999999999998,0.16119999999999998,0.8059999999999999,16.129,80.64500000000001,0.4346,2.173,0.1432,0.716,0.6376000000000002,3.1880000000000006,97.3308,486.654,91.7128,458.564,4.5222,22.610999999999997,0.8695999999999999,4.348,2.7774,13.887
Belgium,454384000000.0,2271920000000.0,11.3196,56.598,5.675,28.375,1.0131999999999999,5.066,6.4114,32.057,0.3322,1.661,0.1182,0.591,6.4163999999999985,32.081999999999994,44.5404,222.702,14.266200000000001,71.331,15.515199999999998,77.576,5.8338,29.169,1.9140000000000001,9.57,13.838999999999999,69.195,12.0672,60.336,4.0342,20.171,-1.9518,-9.759,76.3918,381.959,31.551599999999997,157.75799999999998,9.109,45.545,9.342,46.71,23.907999999999998,119.53999999999999
Belize,,0.0,,0.0,21.200249999999997,84.80099999999999,,0.0,,0.0,22.785,91.14,,0.0,,0.0,0.0,0.0,,0.0,,0.0,1.07775,4.311,,0.0,,0.0,0.0,0.0,,0.0,,0.0,,0.0,54.937,219.748,,0.0,,0.0,45.063,180.252
Benin,26682034176.0,106728136704.0,,0.0,0.0,0.0,,0.0,,0.0,0.0,0.0,,0.0,,0.0,0.0,0.0,,0.0,,0.0,3.37875,13.515,,0.0,,0.0,0.0,0.0,,0.0,,0.0,,0.0,96.62125,386.485,,0.0,,0.0,3.37875,13.515
Bermuda,,0.0,,0.0,,0.0,,0.0,,0.0,,0.0,,0.0,,0.0,,0.0,,0.0,,0.0,,0.0,,0.0,,0.0,,0.0,,0.0,,0.0,,0.0,,0.0,,0.0,,0.0,,0.0
Bhutan,,0.0,,0.0,0.0,0.0,,0.0,,0.0,100.0,400.0,,0.0,,0.0,0.0,0.0,,0.0,,0.0,0.0,0.0,,0.0,,0.0,0.0,0.0,,0.0,,0.0,,0.0,0.0,0.0,,0.0,,0.0,100.0,400.0
Bolivia,75704713216.0,378523566080.0,,0.0,8.1066,40.533,,0.0,,0.0,29.187599999999996,145.938,,0.0,,0.0,0.0,0.0,,0.0,,0.0,3.0884,15.442,,0.0,,0.0,1.4876,7.438000000000001,,0.0,,0.0,,0.0,58.1294,290.647,,0.0,,0.0,41.8706,209.353
Bosnia and Herzegovina,41286324224.0,206431621120.0,,0.0,0.0598,0.299,,0.0,,0.0,34.629599999999996,173.148,,0.0,,0.0,0.0,0.0,,0.0,,0.0,0.36219999999999997,1.811,,0.0,,0.0,1.6948,8.474,,0.0,,0.0,,0.0,63.254200000000004,316.271,,0.0,,0.0,36.745799999999996,183.72899999999998
Botswana,35844341760.0,143377367040.0,,0.0,0.0,0.0,,0.0,,0.0,0.0,0.0,,0.0,,0.0,0.0,0.0,,0.0,,0.0,0.4015,1.606,,0.0,,0.0,0.0,0.0,,0.0,,0.0,,0.0,99.5985,398.394,,0.0,,0.0,0.4015,1.606
Brazil,2965401501696.0,14827007508480.0,3.6056,18.028,8.724599999999999,43.623,6.9858,34.929,3.2076000000000002,16.038,62.383799999999994,311.919,29.288800000000002,146.44400000000002,-1.347,-6.735,2.2885999999999997,11.443,1.0710000000000002,5.355,121.1184,605.592,1.9586,9.793,0.9858,4.929,14.2858,71.429,9.7586,48.793,4.658399999999999,23.291999999999998,-0.5172000000000003,-2.5860000000000016,52.0132,260.066,14.8858,74.429,4.5142,22.570999999999998,46.9156,234.578,82.8254,414.127
British Virgin Islands,,0.0,,0.0,0.0,0.0,,0.0,,0.0,0.0,0.0,,0.0,,0.0,0.0,0.0,,0.0,,0.0,0.0,0.0,,0.0,,0.0,0.0,0.0,,0.0,,0.0,,0.0,100.0,400.0,,0.0,,0.0,0.0,0.0
Brunei,,0.0,,0.0,0.0,0.0,,0.0,,0.0,0.0,0.0,,0.0,,0.0,0.0,0.0,,0.0,,0.0,0.0,0.0,,0.0,,0.0,0.0,0.0,,0.0,,0.0,,0.0,100.0,500.0,,0.0,,0.0,0.0,0.0
Bulgaria,132183000000.0,660915000000.0,13.541,67.705,4.474200000000001,22.371000000000002,1.0218,5.109,16.845000000000002,84.22500000000001,8.4582,42.291,4.7172,23.586,1.1518,5.7589999999999995,36.244,181.22,19.2732,96.366,8.271,41.355000000000004,3.257,16.285,1.8695999999999997,9.347999999999999,0.2564,1.282,3.0759999999999996,15.379999999999999,1.7193999999999998,8.597,0.5792000000000002,2.896000000000001,68.476,342.38,44.4904,222.452,11.5128,57.564,12.2508,61.254,19.2656,96.328
Burkina Faso,31315025920.0,125260103680.0,,0.0,0.0,0.0,,0.0,,0.0,6.81675,27.267,,0.0,,0.0,0.0,0.0,,0.0,,0.0,6.2075,24.83,,0.0,,0.0,0.0,0.0,,0.0,,0.0,,0.0,86.976,347.904,,0.0,,0.0,13.024000000000001,52.096000000000004
Burundi,7314108928.0,36570544640.0,,0.0,2.979,14.895,,0.0,,0.0,60.9048,304.524,,0.0,,0.0,0.0,0.0,,0.0,,0.0,2.979,14.895,,0.0,,0.0,0.0,0.0,,0.0,,0.0,,0.0,33.1376,165.688,,0.0,,0.0,66.86240000000001,334.312
Cambodia,59541852160.0,238167408640.0,,0.0,3.28475,13.139,,0.0,,0.0,50.202,200.808,,0.0,,0.0,0.0,0.0,,0.0,,0.0,2.4625,9.85,,0.0,,0.0,0.0,0.0,,0.0,,0.0,,0.0,44.051,176.204,,0.0,,0.0,55.949,223.796
Cameroon,76168241152.0,304672964608.0,,0.0,0.0,0.0,,0.0,,0.0,62.89725,251.589,,0.0,,0.0,0.0,0.0,,0.0,,0.0,0.24275,0.971,,0.0,,0.0,0.0,0.0,,0.0,,0.0,,0.0,36.86,147.44,,0.0,,0.0,63.14,252.56
Canada,1669401542656.0,8347007713280.0,-0.026600000000000002,-0.133,1.4532,7.266,0.6128,3.064,0.2192,1.096,60.545399999999994,302.727,25.8096,129.048,-2.9082,-14.541,14.3676,71.838,6.0972,30.486,11.142,55.71,0.72,3.6,0.3114,1.557,3.6735999999999995,18.368,5.5280000000000005,27.64,2.327,11.635,-0.4467999999999999,-2.2339999999999995,64.0524,320.262,17.3852,86.926,0.4232,2.116,29.850599999999996,149.253,68.2474,341.237
Cape Verde,3882678784.0,15530715136.0,,0.0,0.0,0.0,,0.0,,0.0,0.0,0.0,,0.0,,0.0,0.0,0.0,,0.0,,0.0,2.224,8.896,,0.0,,0.0,14.9735,59.894,,0.0,,0.0,,0.0,82.80225,331.209,,0.0,,0.0,17.19775,68.791
Cayman Islands,,0.0,,0.0,0.0,0.0,,0.0,,0.0,0.0,0.0,,0.0,,0.0,0.0,0.0,,0.0,,0.0,2.5085,10.034,,0.0,,0.0,0.0,0.0,,0.0,,0.0,,0.0,97.4915,389.966,,0.0,,0.0,2.5085,10.034
Central African Republic,3581982464.0,14327929856.0,,0.0,0.0,0.0,,0.0,,0.0,100.0,400.0,,0.0,,0.0,0.0,0.0,,0.0,,0.0,0.0,0.0,,0.0,,0.0,0.0,0.0,,0.0,,0.0,,0.0,0.0,0.0,,0.0,,0.0,100.0,400.0
Chad,31212918784.0,156064593920.0,,0.0,0.0,0.0,,0.0,,0.0,0.0,0.0,,0.0,,0.0,0.0,0.0,,0.0,,0.0,0.0,0.0,,0.0,,0.0,3.2918,16.459,,0.0,,0.0,,0.0,96.7082,483.541,,0.0,,0.0,3.2918,16.459
Chile,412834000000.0,2064170000000.0,,0.0,,0.0,,0.0,1.7886000000000002,8.943000000000001,25.654000000000003,128.27,11.922,59.61,,0.0,0.0,0.0,0.0,0.0,30.1972,150.986,11.171600000000002,55.858000000000004,4.8802,24.401,21.756,108.78,7.607000000000001,38.035000000000004,3.435,17.175,0.6122000000000002,3.061000000000001,74.7748,373.874,55.205200000000005,276.026,7.9033999999999995,39.516999999999996,25.2252,126.126,44.7948,223.97400000000002
China,18151620214784.0,90758101073920.0,3.3088000000000006,16.544000000000004,1.7060000000000002,8.530000000000001,0.06939999999999999,0.347,2.3016,11.508000000000001,16.243000000000002,81.215,8.0776,40.388,11.1864,55.932,4.6156,23.078,2.212,11.06,29.879200000000004,149.39600000000002,3.4942,17.471,1.7616,8.808,20.5738,102.869,6.6768,33.384,3.3058,16.529,2.7938,13.969,83.5344,417.672,67.2638,336.319,9.774000000000001,48.870000000000005,14.2536,71.268,28.1204,140.602
Colombia,651901000000.0,3259505000000.0,5.298,26.490000000000002,1.4538,7.269,1.629,8.145,2.839800000000001,14.199000000000005,70.11600000000001,350.58000000000004,26.589199999999998,132.946,,0.0,0.0,0.0,0.0,0.0,261.9736,1309.868,0.2826,1.413,0.1056,0.528,359.4872,1797.436,0.0596,0.298,0.023200000000000002,0.116,2.1176,10.588,70.1468,350.734,28.088,140.44,3.3456,16.728,29.853199999999998,149.266,71.912,359.56
Comoros,1416032128.0,5664128512.0,,0.0,0.0,0.0,,0.0,,0.0,0.0,0.0,,0.0,,0.0,0.0,0.0,,0.0,,0.0,0.0,0.0,,0.0,,0.0,0.0,0.0,,0.0,,0.0,,0.0,100.0,400.0,,0.0,,0.0,0.0,0.0
Congo,29513590784.0,147567953920.0,,0.0,1.8064,9.032,,0.0,,0.0,25.6398,128.199,,0.0,,0.0,0.0,0.0,,0.0,,0.0,0.0,0.0,,0.0,,0.0,0.0,0.0,,0.0,,0.0,,0.0,72.5538,362.769,,0.0,,0.0,27.446199999999997,137.231
Cook Islands,,0.0,,0.0,0.0,0.0,,0.0,,0.0,0.0,0.0,,0.0,,0.0,0.0,0.0,,0.0,,0.0,32.5,130.0,,0.0,,0.0,0.0,0.0,,0.0,,0.0,,0.0,67.5,270.0,,0.0,,0.0,32.5,130.0
Costa Rica,73336987648.0,366684938240.0,,0.0,0.26999999999999996,1.3499999999999999,,0.0,,0.0,71.4692,357.346,,0.0,,0.0,0.0,0.0,,0.0,,0.0,0.5704,2.852,,0.0,,0.0,13.407599999999999,67.038,,0.0,,0.0,,0.0,1.9506000000000001,9.753,,0.0,,0.0,98.0494,490.247
Cote d'Ivoire,102582000000.0,410328000000.0,,0.0,0.0,0.0,,0.0,,0.0,31.715,126.86,,0.0,,0.0,0.0,0.0,,0.0,,0.0,0.09775,0.391,,0.0,,0.0,0.0,0.0,,0.0,,0.0,,0.0,68.1875,272.75,,0.0,,0.0,31.8125,127.25
Croatia,84978688000.0,424893440000.0,1008.3812,5041.906,6.957599999999999,34.788,0.833,4.165,3.9742000000000006,19.871000000000002,46.1346,230.673,17.3944,86.97200000000001,,0.0,0.0,0.0,0.0,0.0,17.077199999999998,85.386,0.7916000000000001,3.958,0.30920000000000003,1.546,13.877799999999999,69.389,12.8382,64.191,4.8812,24.406,-1.6974,-8.487,73.2114,366.057,32.8666,164.333,9.338799999999999,46.693999999999996,26.788599999999995,133.94299999999998,67.13340000000001,335.66700000000003
Cuba,92551012352.0,370204049408.0,,0.0,12.83475,51.339,,0.0,,0.0,0.6445,2.578,,0.0,,0.0,0.0,0.0,,0.0,,0.0,1.14975,4.599,,0.0,,0.0,0.10325,0.413,,0.0,,0.0,,0.0,85.26774999999999,341.07099999999997,,0.0,,0.0,14.73225,58.929
Cyprus,27790155776.0,138950778880.0,28.9152,144.576,1.1802,5.901,,0.0,,0.0,0.0,0.0,,0.0,,0.0,0.0,0.0,,0.0,31.198199999999996,155.99099999999999,7.0376,35.188,,0.0,1.3514,6.757,4.6044,23.022,,0.0,0.0,0.0,,0.0,87.1784,435.892,,0.0,,0.0,12.8216,64.108
Czechia,326100000000.0,1630500000000.0,2.0256,10.128,6.118,30.59,0.859,4.295,3.2891999999999997,16.445999999999998,2.4305999999999996,12.152999999999999,1.1574,5.787,1.8464000000000003,9.232000000000001,36.0616,180.308,16.3814,81.907,0.9885999999999999,4.943,2.817,14.085,1.2704,6.351999999999999,2.101,10.504999999999999,0.7744,3.872,0.36560000000000004,1.828,-1.6926,-8.463000000000001,76.4266,382.133,51.7984,258.992,1.8072,9.036,7.192,35.96,12.14,60.7
Democratic Republic of Congo,81846378496.0,327385513984.0,,0.0,0.0,0.0,,0.0,,0.0,99.64,398.56,,0.0,,0.0,0.0,0.0,,0.0,,0.0,0.09025,0.361,,0.0,,0.0,0.0,0.0,,0.0,,0.0,,0.0,0.27025,1.081,,0.0,,0.0,99.72975,398.919
Denmark,268318000000.0,1341590000000.0,2.5044,12.522,21.9218,109.60900000000001,1.5276,7.638,-3.3404,-16.701999999999998,0.057800000000000004,0.28900000000000003,0.0224,0.112,,0.0,0.0,0.0,0.0,0.0,21.894,109.47,4.0466,20.233,1.7812000000000001,8.906,5.603200000000001,28.016000000000005,52.185,260.925,22.887,114.435,-3.9793999999999996,-19.897,62.1986,310.993,21.788800000000002,108.944,5.319599999999999,26.598,37.8014,189.007,78.21119999999999,391.056
Djibouti,2913438464.0,11653753856.0,,0.0,0.0,0.0,,0.0,,0.0,0.0,0.0,,0.0,,0.0,0.0,0.0,,0.0,,0.0,0.0,0.0,,0.0,,0.0,0.0,0.0,,0.0,,0.0,,0.0,100.0,400.0,,0.0,,0.0,0.0,0.0
Dominica,667810432.0,2671241728.0,,0.0,0.0,0.0,,0.0,,0.0,26.021,104.084,,0.0,,0.0,0.0,0.0,,0.0,,0.0,0.0,0.0,,0.0,,0.0,0.0,0.0,,0.0,,0.0,,0.0,73.979,295.916,,0.0,,0.0,26.021,104.084
Dominican Republic,165255000000.0,661020000000.0,,0.0,1.0825,4.33,,0.0,,0.0,6.694,26.776,,0.0,,0.0,0.0,0.0,,0.0,,0.0,2.15925,8.637,,0.0,,0.0,5.208,20.832,,0.0,,0.0,,0.0,84.8565,339.426,,0.0,,0.0,15.1435,60.574
East Timor,,0.0,,0.0,0.0,0.0,,0.0,,0.0,0.0,0.0,,0.0,,0.0,0.0,0.0,,0.0,,0.0,0.0,0.0,,0.0,,0.0,0.0,0.0,,0.0,,0.0,,0.0,100.0,400.0,,0.0,,0.0,0.0,0.0
Ecuador,175525000000.0,877625000000.0,-0.12139999999999951,-0.6069999999999975,1.261,6.305,0.09240000000000001,0.462,4.4556,22.278,75.6192,378.096,30.657999999999998,153.29,,0.0,0.0,0.0,0.0,0.0,0.5646,2.823,0.127,0.635,0.0482,0.241,-3.1582,-15.791,0.23559999999999998,1.178,0.0938,0.469,2.8436,14.218,68.4336,342.168,22.7574,113.787,4.195399999999999,20.976999999999997,31.566399999999998,157.832,77.24260000000001,386.213
Egypt,1221832605696.0,6109163028480.0,,0.0,0.0,0.0,,0.0,1.6566000000000003,8.283000000000001,6.5358,32.679,3.5056,17.528,,0.0,0.0,0.0,0.0,0.0,74.611,373.055,2.044,10.22,0.8294,4.147,22.3596,111.798,2.0092,10.046,1.1882,5.941,0.5059999999999999,2.5299999999999994,94.477,472.385,89.41099999999999,447.05499999999995,9.634,48.17,5.523000000000001,27.615000000000002,10.589,52.945
El Salvador,54756343808.0,273781719040.0,,0.0,8.9362,44.681,,0.0,,0.0,29.367399999999996,146.837,,0.0,,0.0,0.0,0.0,,0.0,,0.0,12.0114,60.057,,0.0,,0.0,0.11480000000000001,0.5740000000000001,,0.0,,0.0,,0.0,24.883,124.41499999999999,,0.0,,0.0,75.11699999999999,375.585
Equatorial Guinea,22750613504.0,113753067520.0,,0.0,0.0,0.0,,0.0,,0.0,32.292,161.46,,0.0,,0.0,0.0,0.0,,0.0,,0.0,0.0,0.0,,0.0,,0.0,0.0,0.0,,0.0,,0.0,,0.0,67.708,338.53999999999996,,0.0,,0.0,32.292,161.46
Eritrea,,0.0,,0.0,0.0,0.0,,0.0,,0.0,0.0,0.0,,0.0,,0.0,0.0,0.0,,0.0,,0.0,2.3005,9.202,,0.0,,0.0,0.0,0.0,,0.0,,0.0,,0.0,97.6995,390.798,,0.0,,0.0,2.3005,9.202
Estonia,35409424384.0,177047121920.0,139.8654,699.327,22.6726,113.363,0.6033999999999999,3.017,4.167000000000002,20.835000000000008,0.271,1.355,0.09240000000000001,0.462,,0.0,0.0,0.0,0.0,0.0,114.7992,573.996,3.2996000000000003,16.498,0.9936,4.968,-0.8237999999999992,-4.118999999999996,9.152800000000001,45.764,2.9448,14.724,-5.937600000000001,-29.688000000000002,87.19,435.95,64.6042,323.021,13.600999999999999,68.005,12.809999999999999,64.05,35.395799999999994,176.97899999999998
Eswatini,8771760128.0,35087040512.0,,0.0,59.8895,239.558,,0.0,,0.0,34.666,138.664,,0.0,,0.0,0.0,0.0,,0.0,,0.0,0.0,0.0,,0.0,,0.0,0.0,0.0,,0.0,,0.0,,0.0,5.44425,21.777,,0.0,,0.0,94.55575,378.223
Ethiopia,195740000000.0,782960000000.0,,0.0,0.17525,0.701,,0.0,,0.0,94.84025,379.361,,0.0,,0.0,0.0,0.0,,0.0,,0.0,0.19225,0.769,,0.0,,0.0,4.7225,18.89,,0.0,,0.0,,0.0,0.07025,0.281,,0.0,,0.0,99.92975000000001,399.71900000000005
Falkland Islands,,0.0,,0.0,0.0,0.0,,0.0,,0.0,0.0,0.0,,0.0,,0.0,0.0,0.0,,0.0,,0.0,0.0,0.0,,0.0,,0.0,50.0,200.0,,0.0,,0.0,,0.0,50.0,200.0,,0.0,,0.0,50.0,200.0
Faroe Islands,,0.0,,0.0,0.0,0.0,,0.0,,0.0,28.09975,112.399,,0.0,,0.0,0.0,0.0,,0.0,,0.0,0.0,0.0,,0.0,,0.0,13.815249999999999,55.260999999999996,,0.0,,0.0,,0.0,58.085,232.34,,0.0,,0.0,41.915,167.66
Fiji,,0.0,,0.0,12.10375,48.415,,0.0,,0.0,50.909,203.636,,0.0,,0.0,0.0,0.0,,0.0,,0.0,0.897,3.588,,0.0,,0.0,0.0,0.0,,0.0,,0.0,,0.0,36.08975,144.359,,0.0,,0.0,63.910250000000005,255.64100000000002
Finland,214536000000.0,1072680000000.0,33.519,167.595,18.5244,92.622,2.0549999999999997,10.274999999999999,-0.5526,-2.763,20.1926,100.963,11.5392,57.696,2.397,11.985,33.6756,168.37800000000001,18.4798,92.399,47.9068,239.534,0.29900000000000004,1.495,0.1736,0.868,21.0554,105.277,11.5064,57.532,6.4666,32.333,-4.6298,-23.149,48.4176,242.088,15.801599999999999,79.008,8.762,43.81,33.1028,165.514,50.5226,252.613
France,2581673803776.0,12908369018880.0,5.0318,25.159,1.7042000000000002,8.521,1.3599999999999999,6.8,-0.1304000000000002,-0.652000000000001,10.781400000000001,53.907000000000004,5.793,28.965,-5.2258000000000004,-26.129,68.31660000000001,341.583,35.825,179.125,17.4418,87.209,2.7486,13.743,1.4612,7.306,9.654399999999999,48.272,6.7096,33.548,3.6496000000000004,18.248,-2.4802,-12.401,50.7726,253.863,9.6276,48.138,4.555,22.775,13.402600000000001,67.013,22.055799999999998,110.279
French Guiana,,0.0,,0.0,0.943,3.772,,0.0,,0.0,61.321,245.284,,0.0,,0.0,0.0,0.0,,0.0,,0.0,3.774,15.096,,0.0,,0.0,0.0,0.0,,0.0,,0.0,,0.0,33.962,135.848,,0.0,,0.0,66.038,264.152
French Polynesia,,0.0,,0.0,0.0,0.0,,0.0,,0.0,26.761,107.044,,0.0,,0.0,0.0,0.0,,0.0,,0.0,6.49575,25.983,,0.0,,0.0,0.0,0.0,,0.0,,0.0,,0.0,66.7435,266.974,,0.0,,0.0,33.2565,133.026
Gabon,36693262336.0,183466311680.0,,0.0,0.8924,4.462,,0.0,,0.0,43.431,217.155,,0.0,,0.0,0.0,0.0,,0.0,,0.0,0.0,0.0,,0.0,,0.0,0.0,0.0,,0.0,,0.0,,0.0,55.6768,278.384,,0.0,,0.0,44.3232,221.61599999999999
Gambia,3939021824.0,15756087296.0,,0.0,0.0,0.0,,0.0,,0.0,0.0,0.0,,0.0,,0.0,0.0,0.0,,0.0,,0.0,0.0,0.0,,0.0,,0.0,0.0,0.0,,0.0,,0.0,,0.0,100.0,400.0,,0.0,,0.0,0.0,0.0
Georgia,58984800256.0,294924001280.0,,0.0,0.0,0.0,,0.0,,0.0,77.7872,388.936,,0.0,,0.0,0.0,0.0,,0.0,,0.0,0.0,0.0,,0.0,,0.0,0.6896000000000001,3.4480000000000004,,0.0,,0.0,,0.0,21.5232,107.616,,0.0,,0.0,78.4768,392.384
Germany,3885961314304.0,19429806571520.0,2.5784000000000002,12.892000000000001,8.3118,41.559,0.9738,4.869,-2.3006,-11.503000000000002,3.1532,15.766,1.3641999999999999,6.821,-11.6632,-58.316,10.8088,54.044,4.4714,22.357,9.742799999999999,48.714,8.3228,41.614000000000004,3.6719999999999997,18.36,3.9055999999999997,19.528,20.6082,103.041,8.943,44.714999999999996,-3.1018,-15.509,76.05699999999999,380.28499999999997,48.757799999999996,243.789,3.3164000000000002,16.582,19.471600000000002,97.358,40.4334,202.167
Ghana,118874000000.0,475496000000.0,,0.0,0.13774999999999998,0.5509999999999999,,0.0,,0.0,38.96725,155.869,,0.0,,0.0,0.0,0.0,,0.0,,0.0,0.27325,1.093,,0.0,,0.0,0.0,0.0,,0.0,,0.0,,0.0,60.62175,242.487,,0.0,,0.0,39.37825,157.513
Gibraltar,,0.0,,0.0,,0.0,,0.0,,0.0,,0.0,,0.0,,0.0,,0.0,,0.0,,0.0,,0.0,,0.0,,0.0,,0.0,,0.0,,0.0,,0.0,,0.0,,0.0,,0.0,,0.0
Greece,250036000000.0,1250180000000.0,4.0446,20.223,0.8413999999999999,4.207,0.754,3.77,10.363200000000003,51.81600000000001,9.1528,45.763999999999996,4.0098,20.049,,0.0,0.0,0.0,0.0,0.0,13.3038,66.519,9.5414,47.707,4.288600000000001,21.443,14.725,73.625,17.2026,86.013,7.6134,38.067,-1.9116,-9.558,82.8786,414.39300000000003,63.2614,316.307,10.3628,51.814,17.1214,85.607,36.738600000000005,183.693
Greenland,,0.0,,0.0,0.0,0.0,,0.0,,0.0,82.11775,328.471,,0.0,,0.0,0.0,0.0,,0.0,,0.0,0.0,0.0,,0.0,,0.0,0.0,0.0,,0.0,,0.0,,0.0,17.88225,71.529,,0.0,,0.0,82.11775,328.471
Grenada,,0.0,,0.0,0.0,0.0,,0.0,,0.0,0.0,0.0,,0.0,,0.0,0.0,0.0,,0.0,,0.0,0.0,0.0,,0.0,,0.0,0.0,0.0,,0.0,,0.0,,0.0,100.0,400.0,,0.0,,0.0,0.0,0.0
Guadeloupe,,0.0,,0.0,20.588,82.352,,0.0,,0.0,0.0,0.0,,0.0,,0.0,0.0,0.0,,0.0,,0.0,1.765,7.06,,0.0,,0.0,2.941,11.764,,0.0,,0.0,,0.0,68.824,275.296,,0.0,,0.0,31.176,124.704
Guam,,0.0,,0.0,0.0,0.0,,0.0,,0.0,0.0,0.0,,0.0,,0.0,0.0,0.0,,0.0,,0.0,4.12875,16.515,,0.0,,0.0,0.0,0.0,,0.0,,0.0,,0.0,95.87125,383.485,,0.0,,0.0,4.12875,16.515
Guatemala,127550000000.0,510200000000.0,,0.0,19.56575,78.263,,0.0,,0.0,38.51025,154.041,,0.0,,0.0,0.0,0.0,,0.0,,0.0,1.57825,6.313,,0.0,,0.0,2.2955,9.182,,0.0,,0.0,,0.0,35.80625,143.225,,0.0,,0.0,64.19375,256.775
Guinea,19045322752.0,76181291008.0,,0.0,0.0,0.0,,0.0,,0.0,65.35375,261.415,,0.0,,0.0,0.0,0.0,,0.0,,0.0,0.91425,3.657,,0.0,,0.0,0.0,0.0,,0.0,,0.0,,0.0,33.73175,134.927,,0.0,,0.0,66.26825,265.073
Guinea-Bissau,2752462080.0,11009848320.0,,0.0,0.0,0.0,,0.0,,0.0,0.0,0.0,,0.0,,0.0,0.0,0.0,,0.0,,0.0,0.0,0.0,,0.0,,0.0,0.0,0.0,,0.0,,0.0,,0.0,100.0,400.0,,0.0,,0.0,0.0,0.0
Guyana,,0.0,,0.0,11.966000000000001,47.864000000000004,,0.0,,0.0,0.0,0.0,,0.0,,0.0,0.0,0.0,,0.0,,0.0,0.8392499999999999,3.3569999999999998,,0.0,,0.0,0.0,0.0,,0.0,,0.0,,0.0,87.19475,348.779,,0.0,,0.0,12.80525,51.221
Haiti,18653679616.0,74614718464.0,,0.0,0.0,0.0,,0.0,,0.0,15.43875,61.755,,0.0,,0.0,0.0,0.0,,0.0,,0.0,0.0,0.0,,0.0,,0.0,0.0,0.0,,0.0,,0.0,,0.0,84.56125,338.245,,0.0,,0.0,15.43875,61.755
Honduras,45382746112.0,181530984448.0,,0.0,8.97175,35.887,,0.0,,0.0,25.017000000000003,100.06800000000001,,0.0,,0.0,0.0,0.0,,0.0,,0.0,10.035,40.14,,0.0,,0.0,7.42975,29.719,,0.0,,0.0,,0.0,45.78225,183.129,,0.0,,0.0,54.21775,216.871
Hong Kong,373683000000.0,1868415000000.0,19.3852,96.926,0.4574,2.287,0.1216,0.608,,0.0,0.0,0.0,0.0,0.0,,0.0,0.0,0.0,0.0,0.0,77.723,388.615,0.0696,0.348,0.0378,0.189,1.9043999999999996,9.521999999999998,0.0006000000000000001,0.003,0.001,0.005,-9.080400000000001,-45.402,99.74159999999999,498.70799999999997,99.4904,497.452,18.3768,91.884,0.2584,1.292,0.48600000000000004,2.43
Hungary,250426000000.0,1252130000000.0,13.694399999999998,68.472,6.4884,32.442,1.0668,5.334,-3.806,-19.03,0.6282,3.141,0.2064,1.032,-0.3366,-1.683,46.435,232.175,14.741800000000001,73.709,71.86760000000001,359.338,7.316800000000001,36.584,2.4994,12.497,-3.5113999999999996,-17.557,1.8931999999999998,9.466,0.6264,3.1319999999999997,-1.2209999999999999,-6.1049999999999995,78.2844,391.422,37.197199999999995,185.986,15.499600000000001,77.498,6.9736,34.868,16.368000000000002,81.84
Iceland,15315260416.0,76576302080.0,6.938599999999999,34.693,0.0,0.0,0.0,0.0,0.21119999999999992,1.0559999999999996,69.975,349.875,52.71900000000001,263.595,,0.0,0.0,0.0,,0.0,,0.0,0.0,0.0,0.0,0.0,-1.7569999999999992,-8.784999999999997,0.0372,0.186,0.0,0.0,0.0,0.0,25.698,128.49,0.0,0.0,0.9696,4.848,74.302,371.51000000000005,99.99719999999999,499.986
India,8835757506560.0,44178787532800.0,19.8494,99.247,1.9662,9.831,0.2822,1.411,5.3822,26.911,9.635200000000001,48.176,4.483,22.415,4.486800000000001,22.434,2.6388,13.193999999999999,1.1774,5.8870000000000005,35.705200000000005,178.526,3.6146000000000003,18.073,1.6862000000000001,8.431000000000001,6.1136,30.568,3.8747999999999996,19.374,1.8021999999999998,9.011,2.8134,14.067,89.4224,447.11199999999997,78.2708,391.354,10.8512,54.256,9.4008,47.004000000000005,19.090600000000002,95.453
Indonesia,3075456106496.0,15377280532480.0,33.4482,167.24099999999999,4.7324,23.662,3.0916,15.458,8.184999999999999,40.925,7.8586,39.293,2.7512,13.756,,0.0,0.0,0.0,0.0,0.0,70.91720000000001,354.586,0.0648,0.324,0.0196,0.098,5.273800000000002,26.36900000000001,0.128,0.64,0.045,0.225,6.3808,31.904,90.386,451.93,82.154,410.77,24.221,121.105,9.614,48.07,17.845999999999997,89.22999999999999
Iran,1398995943424.0,6994979717120.0,,0.0,0.0036000000000000003,0.018000000000000002,,0.0,16.811400000000003,84.05700000000002,5.857200000000001,29.286,1.4242000000000001,7.121,6.469200000000001,32.346000000000004,1.6073999999999997,8.036999999999999,0.4572,2.286,65.42519999999999,327.126,0.15760000000000002,0.788,0.041800000000000004,0.20900000000000002,39.7472,198.736,0.28440000000000004,1.4220000000000002,0.07880000000000001,0.394,2.7034000000000002,13.517000000000001,97.9956,489.978,92.09,460.45,15.994400000000004,79.97200000000002,1.5472000000000001,7.736000000000001,6.3027999999999995,31.514
Iraq,513593000000.0,2567965000000.0,,0.0,0.0,0.0,,0.0,23.8498,119.249,4.1872,20.936,1.791,8.955,,0.0,0.0,0.0,,0.0,113.84540000000001,569.2270000000001,0.4096,2.048,0.157,0.785,,0.0,0.0,0.0,0.0,0.0,1.1822000000000001,5.9110000000000005,98.052,490.26000000000005,94.951,474.755,21.6844,108.422,1.9479999999999997,9.739999999999998,4.5969999999999995,22.985
Ireland,314322000000.0,1571610000000.0,12.5672,62.836,2.9013999999999998,14.507,1.2098,6.0489999999999995,1.5862,7.931,2.499,12.495000000000001,1.1372,5.686,,0.0,0.0,0.0,0.0,0.0,63.8044,319.022,0.18719999999999998,0.9359999999999999,0.1002,0.501,9.6096,48.048,32.1956,160.978,14.6838,73.419,-0.49560000000000004,-2.478,81.25059999999999,406.253,62.217200000000005,311.086,9.3262,46.631,18.7494,93.747,37.782799999999995,188.914
Israel,278806000000.0,1394030000000.0,12.511199999999999,62.556,0.1424,0.712,0.18119999999999997,0.9059999999999999,-0.8422000000000001,-4.211,0.0172,0.086,0.0206,0.10300000000000001,,0.0,0.0,0.0,0.0,0.0,35.281400000000005,176.407,5.2946,26.473,3.8229999999999995,19.115,3.1452,15.725999999999999,0.22200000000000003,1.11,0.0398,0.199,0.2574000000000002,1.2870000000000008,95.8052,479.026,94.8668,474.334,30.1224,150.612,4.1948,20.974,5.680199999999999,28.400999999999996
Italy,2077209133056.0,10386045665280.0,-0.9706000000000008,-4.853000000000004,6.734399999999999,33.672,0.7356,3.678,-2.018399999999999,-10.091999999999995,15.3122,76.561,6.460800000000001,32.304,-100.0,-500.0,0.0,0.0,0.0,0.0,2.617,13.085,8.7336,43.668,3.711,18.555,3.4066,17.033,6.8588,34.294,2.941,14.705,-1.361,-6.805,81.922,409.61,60.267399999999995,301.337,-0.9617999999999999,-4.808999999999999,18.0778,90.389,39.732600000000005,198.663
Jamaica,19431862272.0,77727449088.0,,0.0,2.9705,11.882,,0.0,,0.0,3.685,14.74,,0.0,,0.0,0.0,0.0,,0.0,,0.0,2.42825,9.713,,0.0,,0.0,6.8309999999999995,27.323999999999998,,0.0,,0.0,,0.0,84.0855,336.342,,0.0,,0.0,15.9145,63.658
Japan,4867010592768.0,24335052963840.0,0.8629999999999999,4.3149999999999995,3.7120000000000006,18.560000000000002,0.1096,0.548,-0.9790000000000003,-4.895000000000001,8.0134,40.067,4.0476,20.238,19.0048,95.024,5.4498,27.249,2.7138,13.568999999999999,13.657599999999999,68.288,8.17,40.85,4.1952,20.976,7.1512,35.756,0.8468,4.234,0.3928,1.964,-2.358,-11.790000000000001,86.345,431.725,73.5234,367.61699999999996,6.2468,31.234,10.9408,54.704,21.0266,105.133
Jordan,104894000000.0,419576000000.0,,0.0,0.28625,1.145,,0.0,,0.0,0.0995,0.398,,0.0,,0.0,0.0,0.0,,0.0,,0.0,12.086,48.344,,0.0,,0.0,5.56925,22.277,,0.0,,0.0,,0.0,81.95925,327.837,,0.0,,0.0,18.04075,72.163
Kazakhstan,463721000000.0,2318605000000.0,,0.0,0.0018,0.009,0.0,0.0,-3.8322000000000003,-19.161,8.793800000000001,43.969,3.151,15.754999999999999,-100.0,-500.0,0.0,0.0,0.0,0.0,96.287,481.435,0.8032,4.016,0.328,1.6400000000000001,51.4154,257.077,1.0922,5.461,0.4076000000000001,2.0380000000000003,2.3906,11.953000000000001,96.112,480.56,89.309,446.545,3.0304,15.152000000000001,3.8880000000000003,19.44,10.690999999999999,53.455
Kenya,173506000000.0,867530000000.0,,0.0,1.2116,6.058,,0.0,,0.0,32.0608,160.304,,0.0,,0.0,0.0,0.0,,0.0,,0.0,1.1254,5.627,,0.0,,0.0,10.932599999999999,54.663,,0.0,,0.0,,0.0,10.020999999999999,50.105,,0.0,,0.0,89.979,449.895
Kiribati,,0.0,,0.0,0.0,0.0,,0.0,,0.0,0.0,0.0,,0.0,,0.0,0.0,0.0,,0.0,,0.0,0.0,0.0,,0.0,,0.0,0.0,0.0,,0.0,,0.0,,0.0,100.0,400.0,,0.0,,0.0,0.0,0.0
Kosovo,,0.0,,0.0,0.0,0.0,,0.0,,0.0,3.8117999999999994,19.058999999999997,,0.0,,0.0,0.0,0.0,,0.0,,0.0,0.156,0.78,,0.0,,0.0,1.6588,8.294,,0.0,,0.0,,0.0,94.37339999999999,471.86699999999996,,0.0,,0.0,5.6266,28.133
Kuwait,277117000000.0,1385585000000.0,,0.0,0.0,0.0,,0.0,,0.0,0.0,0.0,,0.0,,0.0,0.0,0.0,,0.0,54.14,270.7,0.07339999999999999,0.367,,0.0,23.2866,116.433,0.041400000000000006,0.20700000000000002,,0.0,-0.1674000000000003,-0.8370000000000015,,0.0,99.92280000000001,499.61400000000003,,0.0,,0.0,0.11480000000000001,0.5740000000000001
Kyrgyzstan,29601148928.0,118404595712.0,,0.0,0.0,0.0,,0.0,,0.0,91.6075,366.43,,0.0,,0.0,0.0,0.0,,0.0,,0.0,0.0,0.0,,0.0,,0.0,0.0,0.0,,0.0,,0.0,,0.0,8.3925,33.57,,0.0,,0.0,91.6075,366.43
Laos,46666960896.0,186667843584.0,,0.0,1.6560000000000001,6.6240000000000006,,0.0,,0.0,68.70125,274.805,,0.0,,0.0,0.0,0.0,,0.0,,0.0,0.098,0.392,,0.0,,0.0,0.0,0.0,,0.0,,0.0,,0.0,29.5445,118.178,,0.0,,0.0,70.4555,281.822
Latvia,46862479360.0,234312396800.0,50.9436,254.71800000000002,14.3208,71.604,1.1388,5.694,-5.7372,-28.686,43.089600000000004,215.448,15.7362,78.681,,0.0,0.0,0.0,0.0,0.0,86.0972,430.486,0.0738,0.369,0.028800000000000003,0.14400000000000002,8.008199999999999,40.041,2.682,13.41,0.9872,4.936,-2.7006,-13.503,75.467,377.335,39.834199999999996,199.171,-4.4094,-22.047,24.532999999999998,122.66499999999999,60.165800000000004,300.829
Lebanon,96800194560.0,387200778240.0,,0.0,0.14925,0.597,,0.0,,0.0,4.14025,16.561,,0.0,,0.0,0.0,0.0,,0.0,,0.0,0.547,2.188,,0.0,,0.0,0.04975,0.199,,0.0,,0.0,,0.0,95.11375,380.455,,0.0,,0.0,4.88625,19.545
Lesotho,5360395776.0,21441583104.0,,0.0,0.0,0.0,,0.0,,0.0,100.0,400.0,,0.0,,0.0,0.0,0.0,,0.0,,0.0,0.0,0.0,,0.0,,0.0,0.0,0.0,,0.0,,0.0,,0.0,0.0,0.0,,0.0,,0.0,100.0,400.0
Liberia,3936415744.0,15745662976.0,,0.0,0.0,0.0,,0.0,,0.0,29.29,117.16,,0.0,,0.0,0.0,0.0,,0.0,,0.0,0.0,0.0,,0.0,,0.0,0.0,0.0,,0.0,,0.0,,0.0,70.71,282.84,,0.0,,0.0,29.29,117.16
Libya,100416000000.0,502080000000.0,,0.0,0.0,0.0,,0.0,,0.0,0.0,0.0,,0.0,,0.0,0.0,0.0,,0.0,,0.0,0.0316,0.158,,0.0,,0.0,0.0,0.0,,0.0,,0.0,,0.0,99.9684,499.842,,0.0,,0.0,0.0316,0.158
Lithuania,76617523200.0,383087616000.0,15.2302,76.151,16.334799999999998,81.67399999999999,1.8042000000000002,9.021,-2.399399999999999,-11.996999999999996,10.6618,53.309,1.4722,7.361,-100.0,-500.0,0.0,0.0,0.0,0.0,26.0464,130.232,4.775399999999999,23.877,0.5402,2.701,3.4404000000000012,17.202000000000005,38.837,194.185,5.3848,26.924,-1.6702,-8.350999999999999,88.373,441.865,29.391000000000002,146.955,3.3879999999999995,16.939999999999998,11.626999999999999,58.135,70.609,353.04499999999996
Luxembourg,35015057408.0,175075287040.0,3.207,16.035,28.7726,143.863,3.5262000000000002,17.631,-1.8900000000000006,-9.450000000000003,8.257,41.285,0.5652,2.826,,0.0,0.0,0.0,0.0,0.0,14.978,74.89,14.3736,71.868,0.9970000000000001,4.985,7.9462,39.731,26.8842,134.421,1.886,9.43,-2.9248,-14.623999999999999,90.60979999999999,453.049,21.7128,108.56400000000001,5.7734,28.866999999999997,9.3902,46.951,78.2872,391.436
Macao,,0.0,,0.0,0.0,0.0,,0.0,,0.0,0.0,0.0,,0.0,,0.0,0.0,0.0,,0.0,,0.0,0.0,0.0,,0.0,,0.0,0.0,0.0,,0.0,,0.0,,0.0,100.0,400.0,,0.0,,0.0,0.0,0.0
Madagascar,36665933824.0,146663735296.0,,0.0,0.0,0.0,,0.0,,0.0,38.3915,153.566,,0.0,,0.0,0.0,0.0,,0.0,,0.0,0.962,3.848,,0.0,,0.0,0.0,0.0,,0.0,,0.0,,0.0,60.6465,242.586,,0.0,,0.0,39.3535,157.414
Malawi,22574655488.0,90298621952.0,,0.0,1.86525,7.461,,0.0,,0.0,76.461,305.844,,0.0,,0.0,0.0,0.0,,0.0,,0.0,8.74075,34.963,,0.0,,0.0,0.0,0.0,,0.0,,0.0,,0.0,12.9335,51.734,,0.0,,0.0,87.0665,348.266
Malaysia,773659000000.0,3868295000000.0,26.788,133.94,0.901,4.505,0.7672,3.836,4.006600000000001,20.033,16.209,81.045,6.0242,30.121000000000002,,0.0,0.0,0.0,0.0,0.0,57.959,289.795,0.7110000000000001,3.555,0.38239999999999996,1.912,,0.0,0.0,0.0,0.0,0.0,2.228,11.14,92.52239999999999,462.61199999999997,82.17920000000001,410.896,9.3602,46.801,7.4776,37.388,17.8208,89.104
Maldives,,0.0,,0.0,0.0,0.0,,0.0,,0.0,0.0,0.0,,0.0,,0.0,0.0,0.0,,0.0,,0.0,5.87725,23.509,,0.0,,0.0,0.0,0.0,,0.0,,0.0,,0.0,94.12275,376.491,,0.0,,0.0,5.87725,23.509
Mali,27521622016.0,110086488064.0,,0.0,5.44225,21.769,,0.0,,0.0,31.582,126.328,,0.0,,0.0,0.0,0.0,,0.0,,0.0,0.89425,3.577,,0.0,,0.0,0.0,0.0,,0.0,,0.0,,0.0,62.082,248.328,,0.0,,0.0,37.918,151.672
Malta,15606394880.0,78031974400.0,,0.0,0.4812,2.406,,0.0,,0.0,0.0,0.0,,0.0,,0.0,0.0,0.0,,0.0,,0.0,10.7788,53.894,,0.0,,0.0,0.0,0.0,,0.0,,0.0,,0.0,91.0826,455.413,,0.0,,0.0,8.9174,44.587
Martinique,,0.0,,0.0,0.0,0.0,,0.0,,0.0,0.0,0.0,,0.0,,0.0,0.0,0.0,,0.0,,0.0,0.0,0.0,,0.0,,0.0,0.0,0.0,,0.0,,0.0,,0.0,100.0,400.0,,0.0,,0.0,0.0,0.0
Mauritania,13278341120.0,53113364480.0,,0.0,0.0,0.0,,0.0,,0.0,11.316500000000001,45.266000000000005,,0.0,,0.0,0.0,0.0,,0.0,,0.0,7.8332500000000005,31.333000000000002,,0.0,,0.0,6.9585,27.834,,0.0,,0.0,,0.0,73.8915,295.566,,0.0,,0.0,26.1085,104.434
Mauritius,27474712576.0,109898850304.0,,0.0,11.20875,44.835,,0.0,,0.0,3.5995,14.398,,0.0,,0.0,0.0,0.0,,0.0,,0.0,4.23025,16.921,,0.0,,0.0,0.52125,2.085,,0.0,,0.0,,0.0,80.4405,321.762,,0.0,,0.0,19.5595,78.238
Mexico,2006599729152.0,10032998645760.0,4.958399999999999,24.791999999999998,2.0818,10.408999999999999,0.11939999999999999,0.597,4.131600000000001,20.658,9.1348,45.674,3.5904,17.951999999999998,0.9321999999999999,4.661,3.4256,17.128,1.3234,6.617,92.565,462.825,2.8174,14.087,1.6034,8.017,14.5532,72.766,5.4266000000000005,27.133000000000003,2.1195999999999997,10.597999999999999,0.742,3.71,90.4154,452.077,75.6982,378.491,9.690999999999999,48.455,8.2614,41.307,20.8762,104.381
Moldova,23299414016.0,116497070080.0,,0.0,0.172,0.86,,0.0,,0.0,4.9292,24.646,,0.0,,0.0,0.0,0.0,,0.0,,0.0,0.0672,0.33599999999999997,,0.0,,0.0,0.9144,4.572,,0.0,,0.0,,0.0,93.91760000000001,469.588,,0.0,,0.0,6.0824,30.412
Mongolia,41531756544.0,207658782720.0,,0.0,0.0,0.0,,0.0,,0.0,1.2186,6.093,,0.0,,0.0,0.0,0.0,,0.0,,0.0,1.5757999999999999,7.879,,0.0,,0.0,6.3782,31.891,,0.0,,0.0,,0.0,90.8278,454.139,,0.0,,0.0,9.1722,45.861000000000004
Montenegro,11980409856.0,59902049280.0,,0.0,0.0,0.0,,0.0,,0.0,48.3104,241.55200000000002,,0.0,,0.0,0.0,0.0,,0.0,,0.0,0.0,0.0,,0.0,,0.0,8.053,40.265,,0.0,,0.0,,0.0,43.6366,218.183,,0.0,,0.0,56.3634,281.817
Montserrat,,0.0,,0.0,0.0,0.0,,0.0,,0.0,0.0,0.0,,0.0,,0.0,0.0,0.0,,0.0,,0.0,0.0,0.0,,0.0,,0.0,0.0,0.0,,0.0,,0.0,,0.0,100.0,400.0,,0.0,,0.0,0.0,0.0
Morocco,299980000000.0,1499900000000.0,,0.0,0.0972,0.486,,0.0,-15.334200000000001,-76.671,2.8216,14.108,1.0433999999999999,5.217,,0.0,0.0,0.0,0.0,0.0,38.1272,190.63600000000002,3.7223999999999995,18.612,1.5051999999999999,7.526,12.5424,62.712,12.085799999999999,60.428999999999995,4.8664000000000005,24.332,1.7521999999999998,8.761,92.5854,462.927,80.8078,404.039,10.419,52.095,7.4146,37.073,18.7074,93.537
Mozambique,29449971712.0,117799886848.0,,0.0,0.6407499999999999,2.5629999999999997,,0.0,,0.0,80.826,323.304,,0.0,,0.0,0.0,0.0,,0.0,,0.0,0.12675,0.507,,0.0,,0.0,0.0,0.0,,0.0,,0.0,,0.0,18.4065,73.626,,0.0,,0.0,81.5935,326.374
Myanmar,317599000000.0,1587995000000.0,,0.0,1.1702,5.851,,0.0,,0.0,45.2644,226.322,,0.0,,0.0,0.0,0.0,,0.0,,0.0,0.38520000000000004,1.9260000000000002,,0.0,,0.0,0.0,0.0,,0.0,,0.0,,0.0,53.1798,265.899,,0.0,,0.0,46.8202,234.101
Namibia,23095486464.0,92381945856.0,,0.0,0.0,0.0,,0.0,,0.0,74.24549999999999,296.98199999999997,,0.0,,0.0,0.0,0.0,,0.0,,0.0,21.4835,85.934,,0.0,,0.0,1.29725,5.189,,0.0,,0.0,,0.0,2.97375,11.895,,0.0,,0.0,97.02625,388.105
Nauru,,0.0,,0.0,0.0,0.0,,0.0,,0.0,0.0,0.0,,0.0,,0.0,0.0,0.0,,0.0,,0.0,0.0,0.0,,0.0,,0.0,0.0,0.0,,0.0,,0.0,,0.0,100.0,400.0,,0.0,,0.0,0.0,0.0
Nepal,81052450816.0,324209803264.0,,0.0,0.0,0.0,,0.0,,0.0,98.30475,393.219,,0.0,,0.0,0.0,0.0,,0.0,,0.0,1.5245,6.098,,0.0,,0.0,0.17025,0.681,,0.0,,0.0,,0.0,0.0,0.0,,0.0,,0.0,100.0,400.0
Netherlands,818056000000.0,4090280000000.0,22.509999999999998,112.55,6.6018,33.009,0.8522000000000001,4.261,6.3741999999999965,31.87099999999998,0.05700000000000001,0.28500000000000003,0.0172,0.086,4.2716,21.358,3.246,16.23,0.977,4.885,52.0884,260.442,7.618399999999999,38.092,2.4546,12.273,15.419,77.095,12.786,63.93,3.9962000000000004,19.981,-3.3857999999999997,-16.929,89.1814,445.907,69.68960000000001,348.44800000000004,22.439799999999998,112.199,9.8416,49.208,27.064600000000002,135.323
New Caledonia,,0.0,,0.0,0.0,0.0,,0.0,,0.0,8.916,35.664,,0.0,,0.0,0.0,0.0,,0.0,,0.0,3.902,15.608,,0.0,,0.0,1.7377500000000001,6.9510000000000005,,0.0,,0.0,,0.0,85.445,341.78,,0.0,,0.0,14.555,58.22
New Zealand,171014000000.0,855070000000.0,24.5466,122.733,1.0598,5.299,0.024399999999999998,0.122,0.9649999999999999,4.824999999999999,57.4652,287.326,27.061799999999998,135.309,,0.0,0.0,0.0,0.0,0.0,29.3342,146.671,0.3624,1.812,0.19,0.95,6.647999999999999,33.239999999999995,5.6758,28.378999999999998,2.6071999999999997,13.036,-3.9525999999999994,-19.762999999999998,60.6028,303.014,17.4872,87.436,1.3199999999999998,6.6,39.3972,196.986,82.5128,412.56399999999996
Nicaragua,30136879104.0,120547516416.0,,0.0,11.13275,44.531,,0.0,,0.0,9.848,39.392,,0.0,,0.0,0.0,0.0,,0.0,,0.0,0.60975,2.439,,0.0,,0.0,15.00125,60.005,,0.0,,0.0,,0.0,46.07425,184.297,,0.0,,0.0,53.92575,215.703
Niger,20483442688.0,81933770752.0,,0.0,0.0,0.0,,0.0,,0.0,0.0,0.0,,0.0,,0.0,0.0,0.0,,0.0,,0.0,10.04875,40.195,,0.0,,0.0,0.0,0.0,,0.0,,0.0,,0.0,89.95125,359.805,,0.0,,0.0,10.04875,40.195
Nigeria,1060805935104.0,5304029675520.0,,0.0,0.0638,0.319,,0.0,,0.0,25.8728,129.364,,0.0,,0.0,0.0,0.0,,0.0,,0.0,0.134,0.67,,0.0,,0.0,0.0,0.0,,0.0,,0.0,,0.0,73.92920000000001,369.646,,0.0,,0.0,26.0708,130.35399999999998
Niue,,0.0,,0.0,,0.0,,0.0,,0.0,,0.0,,0.0,,0.0,,0.0,,0.0,,0.0,,0.0,,0.0,,0.0,,0.0,,0.0,,0.0,,0.0,,0.0,,0.0,,0.0,,0.0
North Korea,40517136384.0,162068545536.0,,0.0,0.0,0.0,,0.0,,0.0,83.33725000000001,333.34900000000005,,0.0,,0.0,0.0,0.0,,0.0,,0.0,0.12125,0.485,,0.0,,0.0,0.0,0.0,,0.0,,0.0,,0.0,16.5415,66.166,,0.0,,0.0,83.4585,333.834
North Macedonia,27703576576.0,138517882880.0,-3.7548000000000004,-18.774,0.9318,4.659,0.003,0.015,8.478800000000001,42.394000000000005,25.1976,125.988,12.778,63.89,,0.0,0.0,0.0,0.0,0.0,7.5344,37.672,0.40919999999999995,2.046,0.23220000000000002,1.161,0.01919999999999984,0.0959999999999992,1.9103999999999999,9.552,0.9591999999999998,4.795999999999999,-0.17259999999999992,-0.8629999999999995,85.4604,427.302,71.55080000000001,357.754,6.7286,33.643,14.539599999999998,72.698,28.4492,142.246
Northern Mariana Islands,,0.0,,0.0,,0.0,,0.0,,0.0,,0.0,,0.0,,0.0,,0.0,,0.0,,0.0,,0.0,,0.0,,0.0,,0.0,,0.0,,0.0,,0.0,,0.0,,0.0,,0.0,,0.0
Norway,449339000000.0,2246695000000.0,-3.1696,-15.847999999999999,0.1528,0.764,0.8371999999999999,4.186,-1.8030000000000002,-9.015,92.10979999999999,460.549,65.2332,326.166,,0.0,0.0,0.0,0.0,0.0,47.8352,239.176,0.0634,0.317,0.07239999999999999,0.362,40.484,202.42000000000002,6.2202,31.101,4.4188,22.094,-2.0409999999999995,-10.204999999999998,29.298199999999998,146.49099999999999,1.4460000000000002,7.23,-0.17979999999999982,-0.8989999999999991,70.7018,353.509,98.554,492.77
Oman,172358000000.0,861790000000.0,,0.0,0.0,0.0,,0.0,,0.0,0.0,0.0,0.0,0.0,,0.0,0.0,0.0,0.0,0.0,310.8808,1554.4040000000002,0.2718,1.359,0.0,0.0,370.9496666666667,1112.8490000000002,0.0,0.0,0.0,0.0,3.1928,15.964,100.0,500.0,99.72819999999999,498.64099999999996,,0.0,0.0,0.0,0.2718,1.359
Pakistan,1212090548224.0,6060452741120.0,,0.0,1.0612,5.306,,0.0,3.6134,18.067,25.919400000000003,129.597,9.3382,46.691,24.709600000000002,123.548,9.1144,45.572,3.2906,16.453,6.6242,33.121,0.7746000000000001,3.873,0.19619999999999999,0.981,23.9458,119.729,2.221,11.105,0.8783999999999998,4.3919999999999995,0.39759999999999956,1.9879999999999978,86.0488,430.244,60.909400000000005,304.547,4.57,22.85,10.6604,53.302,29.976,149.88
Palestine,24034213888.0,96136855552.0,,0.0,0.0,0.0,,0.0,,0.0,0.0,0.0,,0.0,,0.0,0.0,0.0,,0.0,,0.0,19.085,76.34,,0.0,,0.0,0.0,0.0,,0.0,,0.0,,0.0,80.91499999999999,323.65999999999997,,0.0,,0.0,19.085,76.34
Panama,86035742720.0,344142970880.0,,0.0,0.48600000000000004,1.9440000000000002,,0.0,,0.0,63.45425,253.817,,0.0,,0.0,0.0,0.0,,0.0,,0.0,3.20425,12.817,,0.0,,0.0,5.9295,23.718,,0.0,,0.0,,0.0,26.9255,107.702,,0.0,,0.0,73.0745,292.298
Papua New Guinea,,0.0,,0.0,1.85575,7.423,,0.0,,0.0,17.36175,69.447,,0.0,,0.0,0.0,0.0,,0.0,,0.0,0.0,0.0,,0.0,,0.0,0.0,0.0,,0.0,,0.0,,0.0,72.0445,288.178,,0.0,,0.0,27.9555,111.822
Paraguay,66292862976.0,265171451904.0,,0.0,0.1555,0.622,,0.0,,0.0,99.72725,398.909,,0.0,,0.0,0.0,0.0,,0.0,,0.0,0.0,0.0,,0.0,,0.0,0.0,0.0,,0.0,,0.0,,0.0,0.11725,0.469,,0.0,,0.0,99.88275,399.531
Peru,386316000000.0,1931580000000.0,0.7844,3.9219999999999997,1.1826,5.913,1.5030000000000001,7.515000000000001,0.5692000000000002,2.846000000000001,54.54880000000001,272.744,25.834000000000003,129.17000000000002,,0.0,0.0,0.0,0.0,0.0,30.8832,154.416,1.4134,7.067,0.7142000000000001,3.571,13.2332,66.166,3.0904,15.452,1.4602,7.301,3.1988000000000003,15.994000000000002,69.82480000000001,349.124,39.765,198.825,1.4876,7.438,30.1752,150.876,60.235,301.175
Philippines,912443000000.0,4562215000000.0,5.0444,25.222,1.9495999999999998,9.748,1.0768,5.384,2.2524000000000006,11.262000000000002,7.9136,39.568,4.1962,20.981,,0.0,0.0,0.0,0.0,0.0,9.0774,45.387,1.3576000000000001,6.788,0.6868,3.4339999999999997,1.180400000000001,5.902000000000005,1.0124,5.061999999999999,0.5408000000000001,2.704,2.1106000000000003,10.553,87.885,439.425,77.476,387.38,2.732,13.66,12.115,60.575,22.524,112.62
Poland,1053479337984.0,5267396689920.0,13.449000000000002,67.245,4.5454,22.727,0.9808,4.904,-4.178400000000001,-20.892000000000003,1.2342,6.170999999999999,0.4558,2.279,,0.0,0.0,0.0,0.0,0.0,120.39020000000001,601.951,1.7204000000000002,8.602,0.6572,3.286,6.194999999999999,30.974999999999998,9.395,46.975,3.4981999999999998,17.491,-0.6952,-3.476,92.4254,462.127,83.10499999999999,415.525,9.6368,48.184,7.574599999999999,37.873,16.895,84.475
Portugal,276344000000.0,1381720000000.0,2.7896,13.948,7.165000000000001,35.825,1.1938,5.968999999999999,14.300400000000002,71.50200000000001,20.3906,101.953,9.7648,48.824,,0.0,0.0,0.0,0.0,0.0,26.1356,130.678,3.7448,18.724,1.8161999999999998,9.081,1.9355999999999998,9.677999999999999,25.378800000000002,126.894,12.3572,61.786,-4.8324,-24.162,70.549,352.745,42.921800000000005,214.609,4.186,20.93,29.451,147.255,57.0782,285.391
Puerto Rico,115563000000.0,462252000000.0,,0.0,0.08600000000000001,0.34400000000000003,,0.0,,0.0,0.27275,1.091,,0.0,,0.0,0.0,0.0,,0.0,,0.0,1.2145,4.858,,0.0,,0.0,0.817,3.268,,0.0,,0.0,,0.0,97.60974999999999,390.43899999999996,,0.0,,0.0,2.39025,9.561
Qatar,400649000000.0,2003245000000.0,,0.0,0.0346,0.173,,0.0,,0.0,0.0,0.0,,0.0,,0.0,0.0,0.0,,0.0,965.3227999999999,4826.614,0.0216,0.108,,0.0,,0.0,0.0,0.0,,0.0,-1.1902000000000001,-5.9510000000000005,,0.0,99.9438,499.719,,0.0,,0.0,0.05620000000000001,0.281
Reunion,,0.0,,0.0,11.765,47.06,,0.0,,0.0,13.841,55.364,,0.0,,0.0,0.0,0.0,,0.0,,0.0,4.844,19.376,,0.0,,0.0,0.346,1.384,,0.0,,0.0,,0.0,69.204,276.816,,0.0,,0.0,30.796,123.184
Romania,386236000000.0,1931180000000.0,7.194799999999999,35.974,0.9506,4.753,1.1466,5.7330000000000005,0.2808000000000007,1.4040000000000035,27.2204,136.102,11.0174,55.087,-0.7332,-3.666,19.291,96.455,7.496599999999999,37.483,-0.8790000000000001,-4.3950000000000005,2.9838,14.919,1.2112,6.056,-0.7495999999999998,-3.7479999999999993,11.486,57.43,4.6546,23.273,-1.5942,-7.971,74.0052,370.026,38.0684,190.34199999999998,0.29959999999999987,1.4979999999999993,18.498,92.49000000000001,42.6406,213.203
Russia,3613410459648.0,18067052298240.0,36.1302,180.651,0.0452,0.22599999999999998,0.026600000000000002,0.133,1.4667999999999997,7.333999999999999,18.750799999999998,93.75399999999999,6.368,31.84,1.953,9.765,19.3448,96.724,6.511799999999999,32.559,37.896,189.48000000000002,0.16519999999999999,0.826,0.0518,0.259,110.90320000000001,554.5160000000001,0.2052,1.026,0.0534,0.267,-0.35560000000000047,-1.7780000000000022,86.9648,434.824,61.4486,307.243,2.3454,11.727,6.5232,32.616,19.2064,96.032
Rwanda,22988918784.0,91955675136.0,,0.0,0.53575,2.143,,0.0,,0.0,46.6115,186.446,,0.0,,0.0,0.0,0.0,,0.0,,0.0,6.337,25.348,,0.0,,0.0,0.0,0.0,,0.0,,0.0,,0.0,46.516,186.064,,0.0,,0.0,53.484,213.936
Saint Helena,,0.0,,0.0,,0.0,,0.0,,0.0,,0.0,,0.0,,0.0,,0.0,,0.0,,0.0,,0.0,,0.0,,0.0,,0.0,,0.0,,0.0,,0.0,,0.0,,0.0,,0.0,,0.0
Saint Kitts and Nevis,,0.0,,0.0,0.0,0.0,,0.0,,0.0,0.0,0.0,,0.0,,0.0,0.0,0.0,,0.0,,0.0,0.0,0.0,,0.0,,0.0,4.59925,18.397,,0.0,,0.0,,0.0,95.40075,381.603,,0.0,,0.0,4.59925,18.397
Saint Lucia,1733778304.0,6935113216.0,,0.0,0.0,0.0,,0.0,,0.0,0.0,0.0,,0.0,,0.0,0.0,0.0,,0.0,,0.0,0.0,0.0,,0.0,,0.0,0.0,0.0,,0.0,,0.0,,0.0,100.0,400.0,,0.0,,0.0,0.0,0.0
Saint Pierre and Miquelon,,0.0,,0.0,0.0,0.0,,0.0,,0.0,0.0,0.0,,0.0,,0.0,0.0,0.0,,0.0,,0.0,0.0,0.0,,0.0,,0.0,0.0,0.0,,0.0,,0.0,,0.0,100.0,400.0,,0.0,,0.0,0.0,0.0
Saint Vincent and the Grenadines,,0.0,,0.0,0.0,0.0,,0.0,,0.0,20.05975,80.239,,0.0,,0.0,0.0,0.0,,0.0,,0.0,0.0,0.0,,0.0,,0.0,0.0,0.0,,0.0,,0.0,,0.0,79.94024999999999,319.76099999999997,,0.0,,0.0,20.05975,80.239
Samoa,,0.0,,0.0,0.0,0.0,,0.0,,0.0,25.46575,101.863,,0.0,,0.0,0.0,0.0,,0.0,,0.0,12.73275,50.931,,0.0,,0.0,0.0,0.0,,0.0,,0.0,,0.0,61.801500000000004,247.20600000000002,,0.0,,0.0,38.198499999999996,152.79399999999998
Sao Tome and Principe,762655232.0,3050620928.0,,0.0,0.0,0.0,,0.0,,0.0,10.5555,42.222,,0.0,,0.0,0.0,0.0,,0.0,,0.0,0.0,0.0,,0.0,,0.0,0.0,0.0,,0.0,,0.0,,0.0,89.4445,357.778,,0.0,,0.0,10.5555,42.222
Saudi Arabia,1677338607616.0,8386693038080.0,,0.0,0.0,0.0,,0.0,,0.0,0.0,0.0,0.0,0.0,,0.0,0.0,0.0,0.0,0.0,95.16499999999999,475.825,0.1226,0.613,0.0,0.0,3.5818,17.909,0.0002,0.001,0.0,0.0,0.1475999999999999,0.7379999999999995,100.0,500.0,99.87719999999999,499.38599999999997,,0.0,0.0,0.0,0.12279999999999999,0.614
Senegal,42805547008.0,171222188032.0,,0.0,1.90275,7.611,,0.0,,0.0,6.287,25.148,,0.0,,0.0,0.0,0.0,,0.0,,0.0,6.54075,26.163,,0.0,,0.0,2.2605000000000004,9.042000000000002,,0.0,,0.0,,0.0,83.00874999999999,332.03499999999997,,0.0,,0.0,16.991,67.964
Serbia,99972055040.0,499860275200.0,,0.0,0.493,2.465,,0.0,,0.0,26.6076,133.038,,0.0,,0.0,0.0,0.0,,0.0,,0.0,0.027200000000000002,0.136,,0.0,,0.0,2.6286,13.143,,0.0,,0.0,,0.0,70.2442,351.221,,0.0,,0.0,29.7558,148.779
Seychelles,2794612992.0,11178451968.0,,0.0,0.0,0.0,,0.0,,0.0,0.0,0.0,,0.0,,0.0,0.0,0.0,,0.0,,0.0,7.079000000000001,28.316000000000003,,0.0,,0.0,1.3115,5.246,,0.0,,0.0,,0.0,91.60925,366.437,,0.0,,0.0,8.39075,33.563
Sierra Leone,10628815872.0,42515263488.0,,0.0,1.923,7.692,,0.0,,0.0,80.63175,322.527,,0.0,,0.0,0.0,0.0,,0.0,,0.0,4.5329999999999995,18.131999999999998,,0.0,,0.0,0.0,0.0,,0.0,,0.0,,0.0,12.91225,51.649,,0.0,,0.0,87.08775,348.351
Singapore,410140000000.0,2050700000000.0,,0.0,0.724,3.62,,0.0,,0.0,0.0,0.0,0.0,0.0,,0.0,0.0,0.0,0.0,0.0,41.6634,208.317,1.0437999999999998,5.218999999999999,0.0,0.0,,0.0,0.0,0.0,0.0,0.0,-1.5859999999999999,-7.93,99.811,499.05500000000006,98.2322,491.161,0.0,0.0,0.189,0.9450000000000001,1.7677999999999998,8.838999999999999
Slovakia,146456000000.0,732280000000.0,2.745,13.725,6.1178,30.589,0.9578,4.789,-2.7648,-13.824000000000002,14.5772,72.886,5.6602,28.301,1.0694000000000001,5.347,55.346000000000004,276.73,20.625400000000003,103.12700000000001,5.472199999999999,27.360999999999997,2.2862,11.431,0.8798,4.399,-1.6665999999999996,-8.332999999999998,0.014600000000000002,0.07300000000000001,0.0073999999999999995,0.037,-0.45660000000000006,-2.2830000000000004,68.845,344.225,21.6578,108.289,0.37140000000000006,1.8570000000000002,10.5298,52.649,22.996000000000002,114.98
Slovenia,60439879680.0,302199398400.0,42.2128,211.064,1.7404,8.702,1.308,6.54,-2.1408,-10.704,28.157999999999998,140.79,14.7838,73.919,-2.0263999999999998,-10.132,37.766,188.82999999999998,18.9554,94.777,14.3338,71.669,2.3664,11.832,1.306,6.53,0.22120000000000015,1.1060000000000008,0.0646,0.323,0.02,0.1,-1.8360000000000003,-9.180000000000001,62.5184,312.592,29.9044,149.522,2.0604000000000005,10.302000000000003,18.5262,92.631,32.3294,161.647
Solomon Islands,,0.0,,0.0,0.0,0.0,,0.0,,0.0,0.0,0.0,,0.0,,0.0,0.0,0.0,,0.0,,0.0,0.0,0.0,,0.0,,0.0,0.0,0.0,,0.0,,0.0,,0.0,100.0,400.0,,0.0,,0.0,0.0,0.0
Somalia,,0.0,,0.0,0.0,0.0,,0.0,,0.0,0.0,0.0,,0.0,,0.0,0.0,0.0,,0.0,,0.0,4.5735,18.294,,0.0,,0.0,2.69625,10.785,,0.0,,0.0,,0.0,92.73025,370.921,,0.0,,0.0,7.26975,29.079
South Africa,673272000000.0,3366360000000.0,16.988599999999998,84.943,0.1806,0.903,0.0598,0.299,39.677800000000005,198.389,0.6994,3.497,0.32,1.6,-4.546999999999999,-22.734999999999996,5.1292,25.646,2.0512,10.256,8.352599999999999,41.763,2.3984,11.992,1.058,5.29,7.697,38.485,3.3022,16.511,1.4218,7.109,-2.0585999999999998,-10.293,94.9912,474.956,88.2808,441.404,9.9528,49.763999999999996,2.9576000000000002,14.788,6.590000000000001,32.95
South Korea,1958392102912.0,9791960514560.0,14.3312,71.656,2.3972,11.986,0.2294,1.147,7.272799999999999,36.364,0.5786,2.893,0.2524,1.262,3.8165999999999998,19.083,25.731,128.655,11.254999999999999,56.275,28.831200000000003,144.156,3.2216,16.108,1.443,7.215,9.2912,46.456,0.5176000000000001,2.588,0.22479999999999997,1.1239999999999999,-0.37239999999999995,-1.8619999999999997,85.5032,427.516,67.4478,337.239,18.9524,94.762,3.2415999999999996,16.208,6.821000000000001,34.105000000000004
South Sudan,,0.0,,0.0,0.0,0.0,,0.0,,0.0,0.0,0.0,,0.0,,0.0,0.0,0.0,,0.0,,0.0,1.7864,8.932,,0.0,,0.0,0.0,0.0,,0.0,,0.0,,0.0,98.2136,491.068,,0.0,,0.0,1.7864,8.932
Spain,1492300201984.0,7461501009920.0,1.4759999999999998,7.379999999999999,2.3104,11.552,1.1042,5.521,9.444599999999998,47.22299999999999,10.203199999999999,51.016,4.5676000000000005,22.838,0.22440000000000015,1.1220000000000008,21.1798,105.899,9.2986,46.493,20.006,100.03,7.9462,39.731,3.687,18.435,5.043200000000001,25.216,21.1252,105.626,9.6136,48.068,-1.1686,-5.843,70.43260000000001,352.163,37.229600000000005,186.14800000000002,6.32,31.6,20.2686,101.343,41.5906,207.953
Sri Lanka,253457000000.0,1267285000000.0,,0.0,1.0977999999999999,5.489,,0.0,16.2018,81.009,35.46,177.3,16.589,82.945,,0.0,0.0,0.0,,0.0,36.0372,180.186,3.1838,15.919,0.025,0.125,7.3275999999999994,36.638,2.3518,11.759,0.01,0.05,0.0,0.0,83.371,416.85499999999996,60.8768,304.384,16.3798,81.899,16.629,83.14500000000001,41.9884,209.942
Sudan,,0.0,,0.0,3.1152,15.576,,0.0,,0.0,60.612199999999994,303.061,,0.0,,0.0,0.0,0.0,,0.0,,0.0,0.1586,0.7929999999999999,,0.0,,0.0,0.0,0.0,,0.0,,0.0,,0.0,36.114,180.57,,0.0,,0.0,63.886,319.43
Suriname,,0.0,,0.0,0.0,0.0,,0.0,,0.0,50.28125,201.125,,0.0,,0.0,0.0,0.0,,0.0,,0.0,0.63825,2.553,,0.0,,0.0,0.0,0.0,,0.0,,0.0,,0.0,49.0805,196.322,,0.0,,0.0,50.9195,203.678
Sweden,463407000000.0,2317035000000.0,4.0116,20.058,7.369800000000001,36.849000000000004,2.7914000000000003,13.957,1.5817999999999999,7.908999999999999,40.8788,204.394,28.6094,143.047,-3.9634,-19.817,34.3878,171.939,23.047,115.235,63.1802,315.901,0.71,3.55,0.5174,2.5869999999999997,14.263200000000001,71.316,14.7976,73.988,10.307599999999999,51.538,-2.8464,-14.232,28.398000000000003,141.99,1.8564,9.282,4.4632000000000005,22.316000000000003,48.5548,242.774,63.7558,318.779
Switzerland,531971000000.0,2659855000000.0,5.0562,25.281,0.21539999999999998,1.077,0.6232,3.116,-2.3492,-11.746,55.2548,276.274,29.663999999999998,148.32,3.7534000000000005,18.767000000000003,35.702,178.51,18.494,92.47,17.489600000000003,87.44800000000001,3.873,19.365000000000002,2.2686,11.343,3.131,15.655,0.197,0.985,0.12040000000000002,0.6020000000000001,-3.0214,-15.107,46.775,233.875,4.7584,23.792,-0.5754000000000001,-2.8770000000000007,34.731399999999994,173.65699999999998,59.5398,297.699
Syria,56710615040.0,283553075200.0,,0.0,0.0602,0.301,,0.0,,0.0,4.5182,22.591,,0.0,,0.0,0.0,0.0,,0.0,,0.0,0.0,0.0,,0.0,,0.0,0.0,0.0,,0.0,,0.0,,0.0,95.4216,477.108,,0.0,,0.0,4.5784,22.892
Taiwan,1041749573632.0,5208747868160.0,-34.6466,-173.233,0.713,3.565,0.0,0.0,8.719800000000001,43.599000000000004,1.6078,8.039,0.8722000000000001,4.361000000000001,2.2466,11.233,10.2896,51.448,5.3584000000000005,26.792,45.4266,227.133,2.2386,11.193,1.2268000000000001,6.134,17.6084,88.042,0.8332,4.166,0.4556,2.278,-0.7754,-3.877,91.61580000000001,458.079,84.3168,421.584,16.444,82.22,3.0256,15.128,5.3936,26.968
Tajikistan,38206550016.0,152826200064.0,,0.0,0.0,0.0,,0.0,,0.0,92.401,369.604,,0.0,,0.0,0.0,0.0,,0.0,,0.0,0.0,0.0,,0.0,,0.0,0.0,0.0,,0.0,,0.0,,0.0,7.599,30.396,,0.0,,0.0,92.401,369.604
Tanzania,162053000000.0,648212000000.0,,0.0,6.918,27.672,,0.0,,0.0,34.79,139.16,,0.0,,0.0,0.0,0.0,,0.0,,0.0,0.67725,2.709,,0.0,,0.0,0.0,0.0,,0.0,,0.0,,0.0,57.615,230.46,,0.0,,0.0,42.385,169.54
Thailand,1124031922176.0,5620159610880.0,0.12339999999999982,0.6169999999999991,6.9959999999999996,34.98,1.6732,8.366,12.4874,62.437,3.2094,16.047,1.0838,5.4190000000000005,,0.0,0.0,0.0,0.0,0.0,1.6048000000000002,8.024000000000001,2.5854,12.927,0.9052,4.526,33.1754,165.877,1.6990000000000003,8.495000000000001,0.5711999999999999,2.856,-0.7684000000000001,-3.8420000000000005,92.919,464.59499999999997,85.5102,427.551,4.235200000000001,21.176000000000002,7.081,35.405,14.489799999999999,72.449
Togo,11866978304.0,47467913216.0,,0.0,0.0,0.0,,0.0,,0.0,29.3305,117.322,,0.0,,0.0,0.0,0.0,,0.0,,0.0,2.0205,8.082,,0.0,,0.0,0.0,0.0,,0.0,,0.0,,0.0,68.6495,274.598,,0.0,,0.0,31.3505,125.402
Tonga,,0.0,,0.0,0.0,0.0,,0.0,,0.0,0.0,0.0,,0.0,,0.0,0.0,0.0,,0.0,,0.0,13.8395,55.358,,0.0,,0.0,0.0,0.0,,0.0,,0.0,,0.0,86.1605,344.642,,0.0,,0.0,13.8395,55.358
Trinidad and Tobago,34697351168.0,173486755840.0,,0.0,0.0,0.0,,0.0,,0.0,0.0,0.0,0.0,0.0,,0.0,0.0,0.0,0.0,0.0,-0.0546,-0.273,0.1044,0.522,0.0084,0.041999999999999996,-0.0546,-0.273,0.0,0.0,0.0,0.0,-4.615,-23.075,99.99159999999999,499.95799999999997,99.88340000000001,499.41700000000003,-0.0546,-0.273,0.0084,0.041999999999999996,0.1046,0.523
Tunisia,130322000000.0,651610000000.0,,0.0,0.0,0.0,,0.0,,0.0,0.2562,1.281,,0.0,,0.0,0.0,0.0,,0.0,,0.0,1.5508,7.754,,0.0,,0.0,2.3482,11.741,,0.0,,0.0,,0.0,95.8446,479.223,,0.0,,0.0,4.1554,20.777
Turkey,1655984226304.0,8279921131520.0,6.8709999999999996,34.355,1.5686,7.843,0.079,0.395,6.165799999999999,30.828999999999997,22.395400000000002,111.977,9.9338,49.669,,0.0,0.0,0.0,0.0,0.0,49.678399999999996,248.392,3.6491999999999996,18.246,1.6214,8.107,14.601400000000002,73.007,8.4158,42.079,3.7362,18.681,0.5096000000000002,2.548000000000001,82.26939999999999,411.347,60.918600000000005,304.593,10.396600000000001,51.983000000000004,17.730600000000003,88.653,39.0814,195.407
Turkmenistan,142391000000.0,711955000000.0,,0.0,0.0,0.0,,0.0,16.621199999999998,83.106,0.0036,0.018,0.009,0.045,,0.0,0.0,0.0,0.0,0.0,0.00020000000000000017,0.0010000000000000009,0.004399999999999999,0.022,0.0,0.0,,0.0,0.0,0.0,0.0,0.0,0.0,0.0,99.991,499.955,100.0,500.0,5.183400000000001,25.917,0.009,0.045,0.008,0.04
Turks and Caicos Islands,,0.0,,0.0,0.0,0.0,,0.0,,0.0,0.0,0.0,,0.0,,0.0,0.0,0.0,,0.0,,0.0,0.0,0.0,,0.0,,0.0,0.0,0.0,,0.0,,0.0,,0.0,100.0,400.0,,0.0,,0.0,0.0,0.0
Tuvalu,,0.0,,0.0,,0.0,,0.0,,0.0,,0.0,,0.0,,0.0,,0.0,,0.0,,0.0,,0.0,,0.0,,0.0,,0.0,,0.0,,0.0,,0.0,,0.0,,0.0,,0.0,,0.0
Uganda,86584074240.0,346336296960.0,,0.0,3.50025,14.001,,0.0,,0.0,90.088,360.352,,0.0,,0.0,0.0,0.0,,0.0,,0.0,2.62525,10.501,,0.0,,0.0,0.0,0.0,,0.0,,0.0,,0.0,3.787,15.148,,0.0,,0.0,96.213,384.852
Ukraine,431320000000.0,2156600000000.0,14.541599999999999,72.708,0.42780000000000007,2.1390000000000002,0.0718,0.359,7.882200000000002,39.41100000000001,6.444599999999999,32.223,2.8129999999999997,14.065,-5.2192,-26.096,54.5154,272.577,22.2318,111.15899999999999,59.903999999999996,299.52,3.1616,15.808,1.2902,6.4510000000000005,21.9002,109.501,1.6469999999999998,8.235,0.6964,3.482,-8.3816,-41.908,72.6956,363.478,33.8036,169.018,12.125399999999999,60.626999999999995,5.0728,25.364,11.6808,58.403999999999996
United Arab Emirates,734906000000.0,3674530000000.0,,0.0,0.0076,0.038,,0.0,,0.0,0.0,0.0,,0.0,319.483,638.966,3.1090000000000004,15.545000000000002,,0.0,67.9188,339.594,3.5426,17.713,,0.0,-80.0,-400.0,0.0,0.0,,0.0,1.8326,9.163,,0.0,93.3412,466.706,,0.0,,0.0,3.5498000000000003,17.749000000000002
United Kingdom,2540210225152.0,12701051125760.0,15.537,77.685,11.6156,58.078,0.852,4.26,-1.1945999999999999,-5.972999999999999,1.8481999999999998,9.241,0.7338,3.669,-7.2783999999999995,-36.391999999999996,16.756,83.78,6.379,31.895,4.251399999999999,21.256999999999998,4.1106,20.553,1.6152000000000002,8.076,10.9502,54.751000000000005,21.392599999999998,106.963,8.6368,43.184,-2.9172000000000002,-14.586,76.03999999999999,380.2,44.2758,221.379,7.5988,37.994,17.5808,87.904,38.9682,194.841
United States,18140645818368.0,90703229091840.0,1.3356,6.678,1.3516,6.758,1.5694,7.8469999999999995,-2.5808,-12.904,6.4866,32.433,2.7508,13.754,-0.8392,-4.196,18.9872,94.936,8.050999999999998,40.254999999999995,21.5036,107.518,3.3474000000000004,16.737000000000002,1.4209999999999998,7.1049999999999995,11.3666,56.833,8.2374,41.187,3.4966,17.483,0.41640000000000016,2.0820000000000007,81.8232,409.116,61.148,305.74,4.6988,23.494,10.126000000000001,50.63,19.865000000000002,99.325
United States Virgin Islands,,0.0,,0.0,0.0,0.0,,0.0,,0.0,0.0,0.0,,0.0,,0.0,0.0,0.0,,0.0,,0.0,1.91775,7.671,,0.0,,0.0,0.0,0.0,,0.0,,0.0,,0.0,98.08225,392.329,,0.0,,0.0,1.91775,7.671
Uruguay,68560711680.0,342803558400.0,,0.0,8.9468,44.733999999999995,,0.0,,0.0,39.383799999999994,196.91899999999998,,0.0,,0.0,0.0,0.0,,0.0,,0.0,3.0274,15.137,,0.0,,0.0,33.368,166.84,,0.0,,0.0,,0.0,15.274200000000002,76.37100000000001,,0.0,,0.0,84.7258,423.629
Uzbekistan,336875000000.0,1684375000000.0,,0.0,0.0,0.0,,0.0,-6.485200000000001,-32.426,9.0884,45.442,2.6532,13.266,,0.0,0.0,0.0,0.0,0.0,180.0574,900.287,0.0656,0.328,0.0228,0.114,-66.66666666666667,-200.0,0.0004,0.002,0.002,0.01,2.3238,11.619,97.3224,486.612,90.702,453.51,-5.767,-28.835,2.6776,13.388,9.1542,45.771
Vanuatu,,0.0,,0.0,14.286,57.144,,0.0,,0.0,0.0,0.0,,0.0,,0.0,0.0,0.0,,0.0,,0.0,14.286,57.144,,0.0,,0.0,0.0,0.0,,0.0,,0.0,,0.0,71.429,285.716,,0.0,,0.0,28.571,114.284
Venezuela,309413000000.0,1547065000000.0,,0.0,0.0,0.0,,0.0,-0.883,-4.415,66.1434,330.717,28.927999999999997,144.64,,0.0,0.0,0.0,0.0,0.0,-17.7534,-88.767,0.008799999999999999,0.044,0.0,0.0,2723.2943999999998,13616.472,0.08259999999999999,0.413,0.0104,0.052,-6.0918,-30.459,71.058,355.29,36.96040000000001,184.80200000000002,-0.9105999999999999,-4.552999999999999,28.942,144.71,66.23479999999999,331.174
Vietnam,661488000000.0,3307440000000.0,,0.0,0.06,0.3,,0.0,3.0669999999999997,15.334999999999999,34.0102,170.051,17.444200000000002,87.221,,0.0,0.0,0.0,0.0,0.0,1272.4515999999999,6362.258,5.4963999999999995,27.482,2.9052,14.526,99.0376,495.188,1.0534000000000001,5.267,0.5349999999999999,2.675,5.4116,27.058,79.0682,395.341,59.379999999999995,296.9,9.415799999999999,47.07899999999999,20.931800000000003,104.659,40.62,203.1
Yemen,69042724864.0,345213624320.0,,0.0,0.0,0.0,,0.0,,0.0,0.0,0.0,,0.0,,0.0,0.0,0.0,,0.0,,0.0,15.556999999999999,77.785,,0.0,,0.0,0.0,0.0,,0.0,,0.0,,0.0,84.44300000000001,422.21500000000003,,0.0,,0.0,15.556999999999999,77.785
Zambia,60978622464.0,243914489856.0,,0.0,0.9890000000000001,3.9560000000000004,,0.0,,0.0,86.122,344.488,,0.0,,0.0,0.0,0.0,,0.0,,0.0,0.6645,2.658,,0.0,,0.0,0.0,0.0,,0.0,,0.0,,0.0,12.224499999999999,48.897999999999996,,0.0,,0.0,87.7755,351.102
Zimbabwe,22715353088.0,113576765440.0,,0.0,4.5862,22.931,,0.0,,0.0,51.0764,255.382,,0.0,,0.0,0.0,0.0,,0.0,,0.0,0.39459999999999995,1.9729999999999999,,0.0,,0.0,0.0,0.0,,0.0,,0.0,,0.0,43.942600000000006,219.71300000000002,,0.0,,0.0,56.057399999999994,280.287
